Federation,rows,unique_lifters,date_min,date_max
USAPL,98766,47251,2005-03-19,2021-11-07
EPA,33051,14801,2010-02-07,2026-09-20
CPU,28896,10741,2012-02-04,2026-09-27
FFForce,28463,9696,2015-10-10,2026-09-26
NSF,16448,4149,1974-04-20,2026-08-16
AMP,15889,8793,2022-01-29,2026-09-26
BVDK,15876,5625,2000-05-20,2026-09-25
AEP,13612,5805,2015-02-14,2026-06-06
IPF,12070,7495,1973-11-09,2026-08-18
NZPF,11673,4048,2006-02-25,2026-07-25
SVNL,10624,2719,2011-09-24,2026-01-10
KNKF-SP,10344,3506,2014-09-06,2026-09-05
BP,9894,5270,2012-06-01,2026-06-06
FIPL,9888,4266,2009-10-25,2026-09-13
EPF,9281,5222,1990-09-29,2026-09-17
PZKFiTS,9076,4010,2011-12-09,2026-06-20
JPA,8631,4154,2002-03-03,2026-07-18
PA,8416,3388,2008-11-23,2017-12-17
APU,6539,2699,2018-03-03,2024-01-14
CSST,6518,1867,2018-06-30,2026-05-16
ScottishPL,5766,2247,2014-02-08,2026-08-22
APLA,5005,2469,2024-02-18,2026-09-27
IrishPF,4776,1779,2015-05-30,2026-08-15
OEVK,4695,1478,2015-12-13,2026-09-05
CBLB,3980,2196,2018-03-23,2026-06-06
SAPF,3540,1700,2011-03-27,2026-03-19
DSF,3406,1239,2015-01-24,2024-11-15
AsianPF,3087,2266,2015-12-13,2026-05-10
HPLS,2891,968,2013-08-10,2026-06-05
FEMEPO,2880,2285,2014-05-04,2026-08-29
PS,2556,1315,2021-10-20,2026-06-07
NIPF,2538,1117,2011-12-10,2026-06-27
VGPF,2423,1026,2017-02-11,2026-05-24
FCLP,2335,1219,2022-06-16,2026-09-05
LJTF,2325,989,2014-10-25,2026-09-19
NAPF,2253,1699,2012-03-02,2026-08-03
CommonwealthPF,2100,1844,2011-12-16,2026-09-18
FALPO,1992,1146,2014-09-05,2026-07-07
HPF,1977,1002,2009-05-24,2026-06-28
PI,1871,1735,2019-09-26,2026-07-18
KDKS,1833,711,2020-09-06,2026-08-23
FESUPO,1711,1201,2013-11-22,2025-09-20
PLZS,1671,624,2015-12-19,2026-08-22
UAEPL,1668,909,2019-04-19,2026-04-04
MAP,1663,725,2019-03-16,2026-06-19
WelshPA,1548,766,2017-02-18,2026-08-15
KRAFT,1331,484,2013-05-11,2026-05-23
PLSS,1283,591,2016-11-12,2025-11-01
FECHIPO,1280,1001,2021-10-30,2025-11-09
FPR,1276,1037,2010-05-28,2021-05-19
IPF-China,1103,899,2022-08-14,2026-01-03
LFPH,1095,507,2024-03-02,2026-05-09
Hunpower,932,580,2020-09-12,2026-06-13
VPF,924,544,2019-11-16,2026-06-27
TPSSF,892,729,2020-02-15,2026-06-06
KBGV,888,575,2022-06-25,2026-04-25
OceaniaPF,881,701,2011-09-08,2017-12-09
SAFKST,800,422,2019-03-30,2025-10-25
SSSC,702,613,2022-10-13,2025-06-02
AfricanPF,677,529,2015-10-24,2025-11-24
FULP,665,389,2022-11-25,2026-05-16
GAPLF,648,224,2016-06-05,2026-06-28
ILPF,593,396,2024-04-29,2026-07-08
TAAP,572,306,2023-03-18,2026-08-22
FPP,495,334,2024-05-09,2026-07-04
PWFL,486,251,2014-03-15,2026-02-20
NordicPF,478,400,2015-02-21,2025-09-12
PAP,476,421,2025-01-19,2026-03-08
APPortugal,467,230,2024-07-21,2026-08-09
ORPF,454,382,2018-11-24,2025-11-19
UkrainePF,440,315,2011-09-16,2017-06-03
QatarPL,375,256,2024-03-02,2026-09-04
HKWPA,374,270,2010-04-03,2025-06-07
EJTL,374,227,2014-11-22,2020-10-23
Fedepotencia,338,306,2021-04-17,2023-03-25
MaltaPA,335,169,2023-09-16,2026-09-26
KPC,312,232,2023-09-21,2025-09-05
PLRD,309,134,2022-04-02,2026-03-21
POSK,306,201,2024-03-30,2026-09-19
ThaiPF,269,164,2018-11-10,2020-11-14
BulgarianPF,269,248,2011-09-24,2024-11-16
FRPL,227,205,2019-09-14,2026-04-26
FFHMFAC,208,196,2014-12-14,2015-05-16
BAWLA,206,150,2004-05-02,2008-10-18
SwissPL,206,133,2018-11-27,2019-10-12
PFBD,199,108,2022-09-04,2026-04-12
ManxPL,195,90,2022-04-17,2026-09-12
USVIPF,193,93,2020-02-15,2026-03-14
CyprusPF,187,113,2021-10-23,2024-10-26
NPAJ,175,89,2021-11-27,2026-05-31
FPPR,158,118,2025-11-09,2026-08-01
BPA,157,93,2021-06-27,2026-03-28
SSF,147,147,2020-09-05,2021-11-18
NauruPF,146,124,2019-01-22,2019-04-27
FEDELEPO,138,106,2025-03-08,2026-04-25
FDNLP,100,97,2023-03-29,2024-06-29
TTPF,89,89,2026-01-24,2026-01-24
FMPB,57,55,2024-06-08,2026-06-27
FCP,57,45,2021-10-09,2022-12-10
LPF,48,48,2022-01-22,2022-01-22
NPB,43,43,2013-12-14,2013-12-14
USPF,4,4,1983-01-08,1996-07-26
FECAPOLIF,3,3,2013-07-13,2013-07-13
BelPF,2,2,2015-07-03,2015-07-03
