year,rows,successes,success_pct
1973,4,1,25.0
1974,2,2,100.0
1977,1,0,0.0
1979,1,0,0.0
1983,2,1,50.0
1985,1,0,0.0
1990,2,0,0.0
1991,2,0,0.0
1992,3,1,33.333333333333336
1993,4,3,75.0
1994,4,2,50.0
1995,2,2,100.0
1996,1,0,0.0
1997,1,0,0.0
2000,1,0,0.0
2001,1,1,100.0
2002,64,32,50.0
2003,59,25,42.3728813559322
2004,54,28,51.851851851851855
2005,101,46,45.54455445544554
2006,59,40,67.79661016949153
2007,228,142,62.280701754385966
2008,369,210,56.91056910569106
2009,503,307,61.0337972166998
2010,888,561,63.17567567567568
2011,2543,1604,63.07510813999213
2012,2970,1708,57.50841750841751
2013,5023,2927,58.27194903444157
2014,7541,4534,60.124651902930644
2015,18163,11158,61.43258272311843
2016,26598,16569,62.29415745544778
2017,33058,20742,62.74426765079557
2018,38838,24340,62.670580359441786
2019,47441,29575,62.340591471511985
2020,16843,10729,63.700053434661285
2021,29289,18546,63.32070060432244
2022,35412,21656,61.15441093414662
2023,47082,28360,60.23533409795676
2024,54821,32413,59.125152769923936
2025,58443,34531,59.08492034974248
2026,36067,21129,58.58263786841157
